{"inj": [-13.593400966395855, 55.189990188119644, -8.186867058550321], "ext": [-8.364921422132513, 42.643234295604245, 5.621368401786451], "mid": [-6.4802098236316015, 31.237207961327716, 0.8925587990908157]}